mode_a,mode_b,n_pairs,n_gap_pairs,gap_wins,gap_losses,gap_ties,mean_gap_delta,median_gap_delta,mean_log_gap_delta,median_log_gap_delta,mean_time_delta,mean_cut_delta,mean_dualbound_delta,sign_test_pvalue,wilcoxon_gap_statistic,wilcoxon_gap_pvalue,wilcoxon_log_gap_statistic,wilcoxon_log_gap_pvalue
raise_cut,efficacy,120,58,6,9,43,0.34103452953644,0.0,0.009749224247909331,0.0,0.226351283333333,-15.966666666666667,-721.2294697164286,0.60723876953125,41.0,0.30279541015625,41.0,0.30279541015625
raise_cut,default,120,60,16,25,19,-4.702031872628161,0.0,0.0017639718253849856,0.0,-0.1975240166666667,-48.24166666666667,-8371721.93146022,0.21102359760880063,320.5,0.15403166180730465,350.5,0.29988520953221776
raise_cut,scip_dynamic,120,58,15,23,20,11.7946922012924,0.0,0.10431079948089698,0.0,-0.353884666666667,-80.35,-9911027.27408374,0.2558750795433298,261.0,0.11467813116905745,271.0,0.15263901730941143
raise_cut,scip_hybrid,120,60,14,26,20,-4.669715760140402,0.0,0.006245006330395615,0.0,0.18459441666666676,-43.28333333333333,-8371694.093718602,0.0806904677519924,277.5,0.0749137569881299,305.5,0.1601309055886836
raise_cut,raise_portfolio_ud,120,60,2,4,54,0.14014378020431464,0.0,-0.00017959168209637685,0.0,0.038959966666666915,-22.383333333333333,-290.48783927996743,0.6875,7.0,0.5625,8.0,0.6875
