mode_a,mode_b,n_pairs,n_gap_pairs,gap_wins,gap_losses,gap_ties,mean_gap_delta,median_gap_delta,mean_log_gap_delta,median_log_gap_delta,mean_time_delta,mean_cut_delta,mean_dualbound_delta,sign_test_pvalue,wilcoxon_gap_statistic,wilcoxon_gap_pvalue,wilcoxon_log_gap_statistic,wilcoxon_log_gap_pvalue
raise_cut,efficacy,120,66,12,6,48,-0.21455554305506175,0.0,-0.013586746383076376,0.0,-0.17776869166666662,-11.5,-55364569.642076306,0.237884521484375,48.0,0.1083831787109375,44.0,0.0736846923828125
raise_cut,default,120,65,25,19,21,0.0717173854319832,0.0,-0.01821041837582793,0.0,-0.40862462499999985,-29.875,-57011795.12354348,0.4513808323961257,487.0,0.9309580952671013,476.0,0.8307513053526918
raise_cut,scip_dynamic,120,66,22,24,20,0.1891226993223277,0.0,-0.024119133641374385,0.0,-0.022626291666666187,-94.00833333333334,-55360727.26299408,0.8829959121223965,481.0,0.522711255983694,506.0,0.7128640674151825
raise_cut,scip_hybrid,120,64,24,19,21,0.07415828374090867,0.0,-0.017538173363751054,0.0,-0.18850299999999956,-29.266666666666666,-57011795.047506504,0.542384011856484,455.0,0.8343335793290407,467.0,0.9475983824158902
raise_cut,raise_portfolio_ud,120,66,0,3,63,0.24354733277522234,0.0,0.02509126895431894,0.0,-0.06662320833333293,-25.283333333333335,-19.169832405265062,0.25,0.0,0.25,0.0,0.25
