mode_a,mode_b,n_pairs,n_gap_pairs,gap_wins,gap_losses,gap_ties,mean_gap_delta,median_gap_delta,mean_log_gap_delta,median_log_gap_delta,mean_time_delta,mean_cut_delta,mean_dualbound_delta,sign_test_pvalue,wilcoxon_gap_statistic,wilcoxon_gap_pvalue,wilcoxon_log_gap_statistic,wilcoxon_log_gap_pvalue
raise_portfolio_rc,raise_cut,140,77,1,5,71,0.5583386975603417,0.0,0.024145390292042112,0.0,0.08604393571428583,48.65714285714286,1.4285714285714289e+18,0.21875,1.0,0.0625,1.0,0.0625
raise_portfolio_rc,raise_portfolio,140,79,1,4,74,0.13035415731363167,0.0,0.004492162225056618,0.0,0.06077331428571424,14.707142857142857,1.4285714285714286e+18,0.375,1.0,0.125,1.0,0.125
raise_portfolio_rc,scip_ensemble,140,79,21,25,33,-0.32174784453388594,0.0,0.011190740878075154,0.0,-0.3295720214285713,-19.15,11506.46835189972,0.6587380770236564,465.0,0.41612091906745263,490.0,0.5881839879152722
raise_portfolio_rc,efficacy,140,77,11,19,47,0.531594856581704,0.0,0.030617501051966808,0.0,-0.06932006428571412,32.09285714285714,7.142857142857133e+17,0.20048842206597328,153.0,0.10483990423381329,136.0,0.047259049490094185
raise_portfolio_rc,default,140,76,25,24,27,0.051957682565294726,0.0,0.01334336368116478,0.0,-0.4406444214285713,36.714285714285715,1.428571428571536e+18,1.0,599.0,0.8980376443320921,581.0,0.7598807895190127
