mode_a,mode_b,n_pairs,n_gap_pairs,gap_wins,gap_losses,gap_ties,mean_gap_delta,median_gap_delta,mean_log_gap_delta,median_log_gap_delta,mean_time_delta,mean_cut_delta,mean_dualbound_delta,sign_test_pvalue,wilcoxon_gap_statistic,wilcoxon_gap_pvalue,wilcoxon_log_gap_statistic,wilcoxon_log_gap_pvalue
raise_portfolio,raise_cut,140,76,1,2,73,0.430185543215387,0.0,0.019793608377733814,0.0,0.02527062142857156,33.95,242.07660137248314,1.0,1.0,0.5,1.0,0.5
raise_portfolio,scip_ensemble,140,78,25,25,28,-0.4578981813583833,0.0,0.006784457866518773,0.0,-0.3903453357142855,-33.857142857142854,-1.4285714285714168e+18,1.0,633.0,0.969474172425139,624.0,0.9010179923007229
raise_portfolio,efficacy,140,76,11,16,49,0.4030898095922936,0.0,0.026350878489762784,0.0,-0.1300933785714284,17.385714285714286,-7.142857142857153e+17,0.44206833839416504,152.0,0.3864929676055908,134.0,0.19368016719818115
raise_portfolio,default,140,76,29,23,24,-0.08354203358966443,0.0,0.008673879263013816,0.0,-0.5014177357142856,22.007142857142856,107067.0313288145,0.48845566937989204,623.0,0.5478023531872299,590.0,0.3672774926249832
