config_name,avg_gap,avg_dualbound
baseline,0.16003833072955,2511.0980011501483
diversity_push,0.167163390659074,2503.3841371151284
pair_penalty_strong,0.17003425685561502,2511.493620646994
balanced_sparse,0.18645266748687603,2505.63001396821
efficacy_heavy,0.19943757960424902,2499.6603336078374
parallelism_push,0.21376172014008002,2505.008217080866
