mode_a,mode_b,n_pairs,n_gap_pairs,gap_wins,gap_losses,gap_ties,mean_gap_delta,median_gap_delta,mean_log_gap_delta,median_log_gap_delta,mean_time_delta,mean_cut_delta,mean_dualbound_delta,sign_test_pvalue,wilcoxon_gap_statistic,wilcoxon_gap_pvalue,wilcoxon_log_gap_statistic,wilcoxon_log_gap_pvalue
raise_cut,plan5_adaptive,140,69,27,23,19,-0.06941819951334982,0.0,-0.035856148642314685,0.0,-0.28973506428571427,94.48571428571428,9275.30378100766,0.6718110337653656,555.0,0.43191110415215306,538.0,0.3422827758111566
raise_cut,efficacy,140,70,9,8,53,-0.06956828793441165,0.0,-0.023111052858451643,0.0,0.05787234285714271,-9.064285714285715,7.142857142857142e+17,1.0,53.0,0.2841644287109375,54.0,0.3060455322265625
raise_cut,default,140,69,28,27,14,0.36121425670527013,0.0,0.03167710936924062,0.0,-0.0825515357142857,0.14285714285714285,7.142857142857066e+17,1.0,742.0,0.8145197140718008,758.0,0.9199135812486252
